{"cameraMode":{"drawMode":0,"name":"Shaded","section":"Shading Mode"},"sceneLighting":false,"audioPlay":false,"sceneViewState":{"m_AlwaysRefresh":false,"showFog":true,"showSkybox":true,"showFlares":true,"showImageEffects":true,"showParticleSystems":true,"showVisualEffectGraphs":true,"m_FxEnabled":false},"in2DMode":false,"pivot":{"x":41.379425048828128,"y":1.4023222923278809,"z":-37.24773025512695},"rotation":{"x":0.015539651736617089,"y":-0.9840487837791443,"z":0.13907313346862794,"w":0.1099763810634613},"size":1.9708096981048585,"orthographic":false}