{"cameraMode":{"drawMode":0,"name":"Shaded","section":"Shading Mode"},"sceneLighting":false,"audioPlay":false,"sceneViewState":{"m_AlwaysRefresh":false,"showFog":true,"showSkybox":true,"showFlares":true,"showImageEffects":true,"showParticleSystems":true,"showVisualEffectGraphs":true,"m_FxEnabled":false},"in2DMode":false,"pivot":{"x":38.83232879638672,"y":0.09200382232666016,"z":-32.616695404052737},"rotation":{"x":0.4053789973258972,"y":-0.38498231768608096,"z":0.19357530772686006,"w":0.8062171936035156},"size":8.103899002075196,"orthographic":false}