{"cameraMode":{"drawMode":0,"name":"Shaded","section":"Shading Mode"},"sceneLighting":true,"audioPlay":false,"sceneViewState":{"m_AlwaysRefresh":false,"showFog":true,"showSkybox":true,"showFlares":true,"showImageEffects":true,"showParticleSystems":true,"showVisualEffectGraphs":true,"m_FxEnabled":false},"in2DMode":false,"pivot":{"x":26.576833724975587,"y":-0.10967683792114258,"z":-38.032814025878909},"rotation":{"x":0.14607028663158418,"y":0.19015604257583619,"z":-0.028603445738554,"w":0.9704195261001587},"size":5.441878318786621,"orthographic":true}