{"cameraMode":{"drawMode":0,"name":"Shaded","section":"Shading Mode"},"sceneLighting":false,"audioPlay":false,"sceneViewState":{"m_AlwaysRefresh":false,"showFog":true,"showSkybox":true,"showFlares":true,"showImageEffects":true,"showParticleSystems":true,"showVisualEffectGraphs":true,"m_FxEnabled":false},"in2DMode":false,"pivot":{"x":703.7439575195313,"y":191.49639892578126,"z":-28.476898193359376},"rotation":{"x":0.007499839179217815,"y":0.00539818312972784,"z":-0.00004047771653858945,"w":0.9999593496322632},"size":116.67882537841797,"orthographic":false}